Workbook

Sheet RawData
A1: Year | B1: Host | C1: Player | D1: Country | E1: Goals
A2: 1930 | B2: Uruguay | C2: Guillermo Stábile | D2: Argentina | E2: 8
A3: 1934 | B3: Italy | C3: Oldřich Nejedlý | D3: Czechoslovakia | E3: 5
A4: 1938 | B4: France | C4: Leônidas | D4: Brazil | E4: 7
A5: 1950 | B5: Brazil | C5: Ademir | D5: Brazil | E5: 8
A6: 1954 | B6: Switzerland | C6: Sándor Kocsis | D6: Hungary | E6: 11
A7: 1958 | B7: Sweden | C7: Just Fontaine | D7: France | E7: 13
A8: 1962 | B8: Chile | C8: Garrincha / Vavá / Others | D8: Multiple | E8: 4
A9: 1966 | B9: England | C9: Eusébio | D9: Portugal | E9: 9
A10: 1970 | B10: Mexico | C10: Gerd Müller | D10: West Germany | E10: 10
A11: 1974 | B11: West Germany | C11: Grzegorz Lato | D11: Poland | E11: 7
A12: 1978 | B12: Argentina | C12: Mario Kempes | D12: Argentina | E12: 6
A13: 1982 | B13: Spain | C13: Paolo Rossi | D13: Italy | E13: 6
... A23: 2022 | B23: Qatar | C23: Kylian Mbappé | D23: France | E23: 8

Sheet TeamStats
A1: Team | B1: Entries | C1: UniquePlayers | D1: TotalGoals | E1: AvgGoals | F1: MaxGoals | G1: FirstYear | H1: LastYear
A2: Argentina | B2: 2 | C2: 2 | D2: 14 | E2: 7 | F2: 8 | G2: 1930 | H2: 1978
A3: Brazil | B3: 3 | C3: 3 | D3: 23 | E3: 7.6666667 | F3: 8 | G3: 1938 | H3: 2002
A4: Colombia | B4: 1 | C4: 1 | D4: 6 | E4: 6 | F4: 6 | G4: 2014 | H4: 2014
A5: Croatia | B5: 1 | C5: 1 | D5: 6 | E5: 6 | F5: 6 | G5: 1998 | H5: 1998
A6: Czechoslovakia | B6: 1 | C6: 1 | D6: 5 | E6: 5 | F6: 5 | G6: 1934 | H6: 1934
A7: England | B7: 2 | C7: 2 | D7: 12 | E7: 6 | F7: 6 | G7: 1986 | H7: 2018
A8: France | B8: 2 | C8: 2 | D8: 21 | E8: 10.5 | F8: 13 | G8: 1958 | H8: 2022
A9: Germany | B9: 2 | C9: 2 | D9: 10 | E9: 5 | F9: 5 | G9: 2006 | H9: 2010
A10: Hungary | B10: 1 | C10: 1 | D10: 11 | E10: 11 | F10: 11 | G10: 1954 | H10: 1954
A11: Italy | B11: 2 | C11: 2 | D11: 12 | E11: 6 | F11: 6 | G11: 1982 | H11: 1990
A12: Multiple | B12: 1 | C12: 1 | D12: 4 | E12: 4 | F12: 4 | G12: 1962 | H12: 1962
A13: Poland | B13: 1 | C13: 1 | D13: 7 | E13: 7 | F13: 7 | G13: 1974 | H13: 1974
... A16: West Germany | B16: 1 | C16: 1 | D16: 10 | E16: 10 | F16: 10 | G16: 1970 | H16: 1970

Sheet Kampanalyse
A1: Kampanalyse
A2: Hjemmelag | B2: England
A3: Bortelag | B3: France
A4: Tips | B4: =IF(B2=B3,"Velg to ulike lag","OK") -> OK
A5: Statistikk | B5: Hjemme | C5: Borte | D5: Differanse
A6: Entries | B6: =IFERROR(INDEX(TeamStats!$B$2:$H$16,MATCH($B$2,TeamStats!$A$2:$A$16,0),2),"") -> 2 | C6: =IFERROR(INDEX(TeamStats!$B$2:$H$16,MATCH($B$3,TeamStats!$A$2:$A$16,0),2),"") -> 2 | D6: =IF(OR(B6="",C6=""),"",B6-C6) -> 0
A7: UniquePlayers | B7: =IFERROR(INDEX(TeamStats!$B$2:$H$16,MATCH($B$2,TeamStats!$A$2:$A$16,0),3),"") -> 12 | C7: =IFERROR(INDEX(TeamStats!$B$2:$H$16,MATCH($B$3,TeamStats!$A$2:$A$16,0),3),"") -> 21 | D7: =IF(OR(B7="",C7=""),"",B7-C7) -> -9
A8: TotalGoals | B8: =IFERROR(INDEX(TeamStats!$B$2:$H$16,MATCH($B$2,TeamStats!$A$2:$A$16,0),4),"") -> 6 | C8: =IFERROR(INDEX(TeamStats!$B$2:$H$16,MATCH($B$3,TeamStats!$A$2:$A$16,0),4),"") -> 10.5 | D8: =IF(OR(B8="",C8=""),"",B8-C8) -> -4.5
A9: AvgGoals | B9: =IFERROR(INDEX(TeamStats!$B$2:$H$16,MATCH($B$2,TeamStats!$A$2:$A$16,0),5),"") -> 6 | C9: =IFERROR(INDEX(TeamStats!$B$2:$H$16,MATCH($B$3,TeamStats!$A$2:$A$16,0),5),"") -> 13 | D9: =IF(OR(B9="",C9=""),"",B9-C9) -> -7
A10: MaxGoals | B10: =IFERROR(INDEX(TeamStats!$B$2:$H$16,MATCH($B$2,TeamStats!$A$2:$A$16,0),6),"") -> 1986 | C10: =IFERROR(INDEX(TeamStats!$B$2:$H$16,MATCH($B$3,TeamStats!$A$2:$A$16,0),6),"") -> 1958 | D10: =IF(OR(B10="",C10=""),"",B10-C10) -> 28
A11: FirstYear | B11: =IFERROR(INDEX(TeamStats!$B$2:$H$16,MATCH($B$2,TeamStats!$A$2:$A$16,0),7),"") -> 2018 | C11: =IFERROR(INDEX(TeamStats!$B$2:$H$16,MATCH($B$3,TeamStats!$A$2:$A$16,0),7),"") -> 2022 | D11: =IF(OR(B11="",C11=""),"",B11-C11) -> -4
A12: LastYear | B12: =IFERROR(INDEX(TeamStats!$B$2:$H$16,MATCH($B$2,TeamStats!$A$2:$A$16,0),8),"") | C12: =IFERROR(INDEX(TeamStats!$B$2:$H$16,MATCH($B$3,TeamStats!$A$2:$A$16,0),8),"") | D12: =IF(OR(B12="",C12=""),"",B12-C12)

Sheet Tabell
A1: Pos | B1: Team | C1: MP | D1: W | E1: D | F1: L | G1: GF | H1: GA | I1: Pts | J1: SortKey
A2: =RANK(J2,$J$2:$J$21,0)+COUNTIF($J$2:J2,J2)-1 -> 1 | B2: Arsenal | C2: =D2+E2+F2 -> 30 | D2: =SUMPRODUCT((Kamper!$B$2:$B$5000=$B2)*(Kamper!$D$2:$D$5000>Kamper!$E$2:$E$5000))+SUMPRODUCT((Kamper!$C$2:$C$5000=$B2)*(Kamper!$E$2:$E$5000>Kamper!$D$2:$D$5000)) -> 20 | E2: =SUMPRODUCT((Kamper!$B$2:$B$5000=$B2)*(Kamper!$D$2:$D$5000=Kamper!$E$2:$E$5000))+SUMPRODUCT((Kamper!$C$2:$C$5000=$B2)*(Kamper!$E$2:$E$5000=Kamper!$D$2:$D$5000)) -> 7 | F2: =SUMPRODUCT((Kamper!$B$2:$B$5000=$B2)*(Kamper!$D$2:$D$5000<Kamper!$E$2:$E$5000))+SUMPRODUCT((Kamper!$C$2:$C$5000=$B2)*(Kamper!$E$2:$E$5000<Kamper!$D$2:$D$5000)) -> 3 | G2: =SUMIFS(Kamper!$D:$D,Kamper!$B:$B,$B2)+SUMIFS(Kamper!$E:$E,Kamper!$C:$C,$B2) -> 59 | H2: =SUMIFS(Kamper!$E:$E,Kamper!$B:$B,$B2)+SUMIFS(Kamper!$D:$D,Kamper!$C:$C,$B2) -> 22 | I2: =D2*3+E2 -> 67 | J2: =I2*1000+(G2-H2) -> 67037
A3: =RANK(J3,$J$2:$J$21,0)+COUNTIF($J$2:J3,J3)-1 -> 4 | B3: Aston Villa | C3: =D3+E3+F3 -> 29 | D3: =SUMPRODUCT((Kamper!$B$2:$B$5000=$B3)*(Kamper!$D$2:$D$5000>Kamper!$E$2:$E$5000))+SUMPRODUCT((Kamper!$C$2:$C$5000=$B3)*(Kamper!$E$2:$E$5000>Kamper!$D$2:$D$5000)) -> 15 | E3: =SUMPRODUCT((Kamper!$B$2:$B$5000=$B3)*(Kamper!$D$2:$D$5000=Kamper!$E$2:$E$5000))+SUMPRODUCT((Kamper!$C$2:$C$5000=$B3)*(Kamper!$E$2:$E$5000=Kamper!$D$2:$D$5000)) -> 6 | F3: =SUMPRODUCT((Kamper!$B$2:$B$5000=$B3)*(Kamper!$D$2:$D$5000<Kamper!$E$2:$E$5000))+SUMPRODUCT((Kamper!$C$2:$C$5000=$B3)*(Kamper!$E$2:$E$5000<Kamper!$D$2:$D$5000)) -> 8 | G3: =SUMIFS(Kamper!$D:$D,Kamper!$B:$B,$B3)+SUMIFS(Kamper!$E:$E,Kamper!$C:$C,$B3) -> 39 | H3: =SUMIFS(Kamper!$E:$E,Kamper!$B:$B,$B3)+SUMIFS(Kamper!$D:$D,Kamper!$C:$C,$B3) -> 34 | I3: =D3*3+E3 -> 51 | J3: =I3*1000+(G3-H3) -> 51005
A4: =RANK(J4,$J$2:$J$21,0)+COUNTIF($J$2:J4,J4)-1 -> 9 | B4: Bournemouth | C4: =D4+E4+F4 -> 29 | D4: =SUMPRODUCT((Kamper!$B$2:$B$5000=$B4)*(Kamper!$D$2:$D$5000>Kamper!$E$2:$E$5000))+SUMPRODUCT((Kamper!$C$2:$C$5000=$B4)*(Kamper!$E$2:$E$5000>Kamper!$D$2:$D$5000)) -> 9 | E4: =SUMPRODUCT((Kamper!$B$2:$B$5000=$B4)*(Kamper!$D$2:$D$5000=Kamper!$E$2:$E$5000))+SUMPRODUCT((Kamper!$C$2:$C$5000=$B4)*(Kamper!$E$2:$E$5000=Kamper!$D$2:$D$5000)) -> 13 | F4: =SUMPRODUCT((Kamper!$B$2:$B$5000=$B4)*(Kamper!$D$2:$D$5000<Kamper!$E$2:$E$5000))+SUMPRODUCT((Kamper!$C$2:$C$5000=$B4)*(Kamper!$E$2:$E$5000<Kamper!$D$2:$D$5000)) -> 7 | G4: =SUMIFS(Kamper!$D:$D,Kamper!$B:$B,$B4)+SUMIFS(Kamper!$E:$E,Kamper!$C:$C,$B4) -> 44 | H4: =SUMIFS(Kamper!$E:$E,Kamper!$B:$B,$B4)+SUMIFS(Kamper!$D:$D,Kamper!$C:$C,$B4) -> 46 | I4: =D4*3+E4 -> 40 | J4: =I4*1000+(G4-H4) -> 39998
A5: =RANK(J5,$J$2:$J$21,0)+COUNTIF($J$2:J5,J5)-1 -> 7 | B5: Brentford | C5: =D5+E5+F5 -> 29 | D5: =SUMPRODUCT((Kamper!$B$2:$B$5000=$B5)*(Kamper!$D$2:$D$5000>Kamper!$E$2:$E$5000))+SUMPRODUCT((Kamper!$C$2:$C$5000=$B5)*(Kamper!$E$2:$E$5000>Kamper!$D$2:$D$5000)) -> 13 | E5: =SUMPRODUCT((Kamper!$B$2:$B$5000=$B5)*(Kamper!$D$2:$D$5000=Kamper!$E$2:$E$5000))+SUMPRODUCT((Kamper!$C$2:$C$5000=$B5)*(Kamper!$E$2:$E$5000=Kamper!$D$2:$D$5000)) -> 5 | F5: =SUMPRODUCT((Kamper!$B$2:$B$5000=$B5)*(Kamper!$D$2:$D$5000<Kamper!$E$2:$E$5000))+SUMPRODUCT((Kamper!$C$2:$C$5000=$B5)*(Kamper!$E$2:$E$5000<Kamper!$D$2:$D$5000)) -> 11 | G5: =SUMIFS(Kamper!$D:$D,Kamper!$B:$B,$B5)+SUMIFS(Kamper!$E:$E,Kamper!$C:$C,$B5) -> 44 | H5: =SUMIFS(Kamper!$E:$E,Kamper!$B:$B,$B5)+SUMIFS(Kamper!$D:$D,Kamper!$C:$C,$B5) -> 40 | I5: =D5*3+E5 -> 44 | J5: =I5*1000+(G5-H5) -> 44004
A6: =RANK(J6,$J$2:$J$21,0)+COUNTIF($J$2:J6,J6)-1 -> 14 | B6: Brighton | C6: =D6+E6+F6 -> 29 | D6: =SUMPRODUCT((Kamper!$B$2:$B$5000=$B6)*(Kamper!$D$2:$D$5000>Kamper!$E$2:$E$5000))+SUMPRODUCT((Kamper!$C$2:$C$5000=$B6)*(Kamper!$E$2:$E$5000>Kamper!$D$2:$D$5000)) -> 9 | E6: =SUMPRODUCT((Kamper!$B$2:$B$5000=$B6)*(Kamper!$D$2:$D$5000=Kamper!$E$2:$E$5000))+SUMPRODUCT((Kamper!$C$2:$C$5000=$B6)*(Kamper!$E$2:$E$5000=Kamper!$D$2:$D$5000)) -> 10 | F6: =SUMPRODUCT((Kamper!$B$2:$B$5000=$B6)*(Kamper!$D$2:$D$5000<Kamper!$E$2:$E$5000))+SUMPRODUCT((Kamper!$C$2:$C$5000=$B6)*(Kamper!$E$2:$E$5000<Kamper!$D$2:$D$5000)) -> 10 | G6: =SUMIFS(Kamper!$D:$D,Kamper!$B:$B,$B6)+SUMIFS(Kamper!$E:$E,Kamper!$C:$C,$B6) -> 38 | H6: =SUMIFS(Kamper!$E:$E,Kamper!$B:$B,$B6)+SUMIFS(Kamper!$D:$D,Kamper!$C:$C,$B6) -> 36 | I6: =D6*3+E6 -> 37 | J6: =I6*1000+(G6-H6) -> 37002
A7: =RANK(J7,$J$2:$J$21,0)+COUNTIF($J$2:J7,J7)-1 -> 19 | B7: Burnley | C7: =D7+E7+F7 -> 29 | D7: =SUMPRODUCT((Kamper!$B$2:$B$5000=$B7)*(Kamper!$D$2:$D$5000>Kamper!$E$2:$E$5000))+SUMPRODUCT((Kamper!$C$2:$C$5000=$B7)*(Kamper!$E$2:$E$5000>Kamper!$D$2:$D$5000)) -> 4 | E7: =SUMPRODUCT((Kamper!$B$2:$B$5000=$B7)*(Kamper!$D$2:$D$5000=Kamper!$E$2:$E$5000))+SUMPRODUCT((Kamper!$C$2:$C$5000=$B7)*(Kamper!$E$2:$E$5000=Kamper!$D$2:$D$5000)) -> 7 | F7: =SUMPRODUCT((Kamper!$B$2:$B$5000=$B7)*(Kamper!$D$2:$D$5000<Kamper!$E$2:$E$5000))+SUMPRODUCT((Kamper!$C$2:$C$5000=$B7)*(Kamper!$E$2:$E$5000<Kamper!$D$2:$D$5000)) -> 18 | G7: =SUMIFS(Kamper!$D:$D,Kamper!$B:$B,$B7)+SUMIFS(Kamper!$E:$E,Kamper!$C:$C,$B7) -> 32 | H7: =SUMIFS(Kamper!$E:$E,Kamper!$B:$B,$B7)+SUMIFS(Kamper!$D:$D,Kamper!$C:$C,$B7) -> 58 | I7: =D7*3+E7 -> 19 | J7: =I7*1000+(G7-H7) -> 18974
A8: =RANK(J8,$J$2:$J$21,0)+COUNTIF($J$2:J8,J8)-1 -> 5 | B8: Chelsea | C8: =D8+E8+F8 -> 29 | D8: =SUMPRODUCT((Kamper!$B$2:$B$5000=$B8)*(Kamper!$D$2:$D$5000>Kamper!$E$2:$E$5000))+SUMPRODUCT((Kamper!$C$2:$C$5000=$B8)*(Kamper!$E$2:$E$5000>Kamper!$D$2:$D$5000)) -> 13 | E8: =SUMPRODUCT((Kamper!$B$2:$B$5000=$B8)*(Kamper!$D$2:$D$5000=Kamper!$E$2:$E$5000))+SUMPRODUCT((Kamper!$C$2:$C$5000=$B8)*(Kamper!$E$2:$E$5000=Kamper!$D$2:$D$5000)) -> 9 | F8: =SUMPRODUCT((Kamper!$B$2:$B$5000=$B8)*(Kamper!$D$2:$D$5000<Kamper!$E$2:$E$5000))+SUMPRODUCT((Kamper!$C$2:$C$5000=$B8)*(Kamper!$E$2:$E$5000<Kamper!$D$2:$D$5000)) -> 7 | G8: =SUMIFS(Kamper!$D:$D,Kamper!$B:$B,$B8)+SUMIFS(Kamper!$E:$E,Kamper!$C:$C,$B8) -> 53 | H8: =SUMIFS(Kamper!$E:$E,Kamper!$B:$B,$B8)+SUMIFS(Kamper!$D:$D,Kamper!$C:$C,$B8) -> 34 | I8: =D8*3+E8 -> 48 | J8: =I8*1000+(G8-H8) -> 48019
A9: =RANK(J9,$J$2:$J$21,0)+COUNTIF($J$2:J9,J9)-1 -> 13 | B9: Crystal Palace | C9: =D9+E9+F9 -> 29 | D9: =SUMPRODUCT((Kamper!$B$2:$B$5000=$B9)*(Kamper!$D$2:$D$5000>Kamper!$E$2:$E$5000))+SUMPRODUCT((Kamper!$C$2:$C$5000=$B9)*(Kamper!$E$2:$E$5000>Kamper!$D$2:$D$5000)) -> 10 | E9: =SUMPRODUCT((Kamper!$B$2:$B$5000=$B9)*(Kamper!$D$2:$D$5000=Kamper!$E$2:$E$5000))+SUMPRODUCT((Kamper!$C$2:$C$5000=$B9)*(Kamper!$E$2:$E$5000=Kamper!$D$2:$D$5000)) -> 8 | F9: =SUMPRODUCT((Kamper!$B$2:$B$5000=$B9)*(Kamper!$D$2:$D$5000<Kamper!$E$2:$E$5000))+SUMPRODUCT((Kamper!$C$2:$C$5000=$B9)*(Kamper!$E$2:$E$5000<Kamper!$D$2:$D$5000)) -> 11 | G9: =SUMIFS(Kamper!$D:$D,Kamper!$B:$B,$B9)+SUMIFS(Kamper!$E:$E,Kamper!$C:$C,$B9) -> 33 | H9: =SUMIFS(Kamper!$E:$E,Kamper!$B:$B,$B9)+SUMIFS(Kamper!$D:$D,Kamper!$C:$C,$B9) -> 35 | I9: =D9*3+E9 -> 38 | J9: =I9*1000+(G9-H9) -> 37998
A10: =RANK(J10,$J$2:$J$21,0)+COUNTIF($J$2:J10,J10)-1 -> 8 | B10: Everton | C10: =D10+E10+F10 -> 29 | D10: =SUMPRODUCT((Kamper!$B$2:$B$5000=$B10)*(Kamper!$D$2:$D$5000>Kamper!$E$2:$E$5000))+SUMPRODUCT((Kamper!$C$2:$C$5000=$B10)*(Kamper!$E$2:$E$5000>Kamper!$D$2:$D$5000)) -> 12 | E10: =SUMPRODUCT((Kamper!$B$2:$B$5000=$B10)*(Kamper!$D$2:$D$5000=Kamper!$E$2:$E$5000))+SUMPRODUCT((Kamper!$C$2:$C$5000=$B10)*(Kamper!$E$2:$E$5000=Kamper!$D$2:$D$5000)) -> 7 | F10: =SUMPRODUCT((Kamper!$B$2:$B$5000=$B10)*(Kamper!$D$2:$D$5000<Kamper!$E$2:$E$5000))+SUMPRODUCT((Kamper!$C$2:$C$5000=$B10)*(Kamper!$E$2:$E$5000<Kamper!$D$2:$D$5000)) -> 10 | G10: =SUMIFS(Kamper!$D:$D,Kamper!$B:$B,$B10)+SUMIFS(Kamper!$E:$E,Kamper!$C:$C,$B10) -> 34 | H10: =SUMIFS(Kamper!$E:$E,Kamper!$B:$B,$B10)+SUMIFS(Kamper!$D:$D,Kamper!$C:$C,$B10) -> 33 | I10: =D10*3+E10 -> 43 | J10: =I10*1000+(G10-H10) -> 43001
A11: =RANK(J11,$J$2:$J$21,0)+COUNTIF($J$2:J11,J11)-1 -> 10 | B11: Fulham | C11: =D11+E11+F11 -> 29 | D11: =SUMPRODUCT((Kamper!$B$2:$B$5000=$B11)*(Kamper!$D$2:$D$5000>Kamper!$E$2:$E$5000))+SUMPRODUCT((Kamper!$C$2:$C$5000=$B11)*(Kamper!$E$2:$E$5000>Kamper!$D$2:$D$5000)) -> 12 | E11: =SUMPRODUCT((Kamper!$B$2:$B$5000=$B11)*(Kamper!$D$2:$D$5000=Kamper!$E$2:$E$5000))+SUMPRODUCT((Kamper!$C$2:$C$5000=$B11)*(Kamper!$E$2:$E$5000=Kamper!$D$2:$D$5000)) -> 4 | F11: =SUMPRODUCT((Kamper!$B$2:$B$5000=$B11)*(Kamper!$D$2:$D$5000<Kamper!$E$2:$E$5000))+SUMPRODUCT((Kamper!$C$2:$C$5000=$B11)*(Kamper!$E$2:$E$5000<Kamper!$D$2:$D$5000)) -> 13 | G11: =SUMIFS(Kamper!$D:$D,Kamper!$B:$B,$B11)+SUMIFS(Kamper!$E:$E,Kamper!$C:$C,$B11) -> 40 | H11: =SUMIFS(Kamper!$E:$E,Kamper!$B:$B,$B11)+SUMIFS(Kamper!$D:$D,Kamper!$C:$C,$B11) -> 43 | I11: =D11*3+E11 -> 40 | J11: =I11*1000+(G11-H11) -> 39997
A12: =RANK(J12,$J$2:$J$21,0)+COUNTIF($J$2:J12,J12)-1 -> 15 | B12: Leeds | C12: =D12+E12+F12 -> 29 | D12: =SUMPRODUCT((Kamper!$B$2:$B$5000=$B12)*(Kamper!$D$2:$D$5000>Kamper!$E$2:$E$5000))+SUMPRODUCT((Kamper!$C$2:$C$5000=$B12)*(Kamper!$E$2:$E$5000>Kamper!$D$2:$D$5000)) -> 7 | E12: =SUMPRODUCT((Kamper!$B$2:$B$5000=$B12)*(Kamper!$D$2:$D$5000=Kamper!$E$2:$E$5000))+SUMPRODUCT((Kamper!$C$2:$C$5000=$B12)*(Kamper!$E$2:$E$5000=Kamper!$D$2:$D$5000)) -> 10 | F12: =SUMPRODUCT((Kamper!$B$2:$B$5000=$B12)*(Kamper!$D$2:$D$5000<Kamper!$E$2:$E$5000))+SUMPRODUCT((Kamper!$C$2:$C$5000=$B12)*(Kamper!$E$2:$E$5000<Kamper!$D$2:$D$5000)) -> 12 | G12: =SUMIFS(Kamper!$D:$D,Kamper!$B:$B,$B12)+SUMIFS(Kamper!$E:$E,Kamper!$C:$C,$B12) -> 37 | H12: =SUMIFS(Kamper!$E:$E,Kamper!$B:$B,$B12)+SUMIFS(Kamper!$D:$D,Kamper!$C:$C,$B12) -> 48 | I12: =D12*3+E12 -> 31 | J12: =I12*1000+(G12-H12) -> 30989
A13: =RANK(J13,$J$2:$J$21,0)+COUNTIF($J$2:J13,J13)-1 -> 6 | B13: Liverpool | C13: =D13+E13+F13 -> 29 | D13: =SUMPRODUCT((Kamper!$B$2:$B$5000=$B13)*(Kamper!$D$2:$D$5000>Kamper!$E$2:$E$5000))+SUMPRODUCT((Kamper!$C$2:$C$5000=$B13)*(Kamper!$E$2:$E$5000>Kamper!$D$2:$D$5000)) -> 14 | E13: =SUMPRODUCT((Kamper!$B$2:$B$5000=$B13)*(Kamper!$D$2:$D$5000=Kamper!$E$2:$E$5000))+SUMPRODUCT((Kamper!$C$2:$C$5000=$B13)*(Kamper!$E$2:$E$5000=Kamper!$D$2:$D$5000)) -> 6 | F13: =SUMPRODUCT((Kamper!$B$2:$B$5000=$B13)*(Kamper!$D$2:$D$5000<Kamper!$E$2:$E$5000))+SUMPRODUCT((Kamper!$C$2:$C$5000=$B13)*(Kamper!$E$2:$E$5000<Kamper!$D$2:$D$5000)) -> 9 | G13: =SUMIFS(Kamper!$D:$D,Kamper!$B:$B,$B13)+SUMIFS(Kamper!$E:$E,Kamper!$C:$C,$B13) -> 48 | H13: =SUMIFS(Kamper!$E:$E,Kamper!$B:$B,$B13)+SUMIFS(Kamper!$D:$D,Kamper!$C:$C,$B13) -> 39 | I13: =D13*3+E13 -> 48 | J13: =I13*1000+(G13-H13) -> 48009
... A21: =RANK(J21,$J$2:$J$21,0)+COUNTIF($J$2:J21,J21)-1 -> 20 | B21: Wolves | C21: =D21+E21+F21 -> 30 | D21: =SUMPRODUCT((Kamper!$B$2:$B$5000=$B21)*(Kamper!$D$2:$D$5000>Kamper!$E$2:$E$5000))+SUMPRODUCT((Kamper!$C$2:$C$5000=$B21)*(Kamper!$E$2:$E$5000>Kamper!$D$2:$D$5000)) -> 3 | E21: =SUMPRODUCT((Kamper!$B$2:$B$5000=$B21)*(Kamper!$D$2:$D$5000=Kamper!$E$2:$E$5000))+SUMPRODUCT((Kamper!$C$2:$C$5000=$B21)*(Kamper!$E$2:$E$5000=Kamper!$D$2:$D$5000)) -> 7 | F21: =SUMPRODUCT((Kamper!$B$2:$B$5000=$B21)*(Kamper!$D$2:$D$5000<Kamper!$E$2:$E$5000))+SUMPRODUCT((Kamper!$C$2:$C$5000=$B21)*(Kamper!$E$2:$E$5000<Kamper!$D$2:$D$5000)) -> 20 | G21: =SUMIFS(Kamper!$D:$D,Kamper!$B:$B,$B21)+SUMIFS(Kamper!$E:$E,Kamper!$C:$C,$B21) -> 22 | H21: =SUMIFS(Kamper!$E:$E,Kamper!$B:$B,$B21)+SUMIFS(Kamper!$D:$D,Kamper!$C:$C,$B21) -> 52 | I21: =D21*3+E21 -> 16 | J21: =I21*1000+(G21-H21) -> 15970

Sheet LiveTabell
A1: Pos | B1: Team | C1: MP | D1: W | E1: D | F1: L | G1: GF | H1: GA | I1: Pts
A2: 1 | B2: =IFERROR(INDEX(Tabell!$B$2:$B$21,MATCH($A2,Tabell!$A$2:$A$21,0)),"") -> Arsenal | C2: =IFERROR(INDEX(Tabell!$C$2:$C$21,MATCH($A2,Tabell!$A$2:$A$21,0)),"") -> 30 | D2: =IFERROR(INDEX(Tabell!$D$2:$D$21,MATCH($A2,Tabell!$A$2:$A$21,0)),"") -> 20 | E2: =IFERROR(INDEX(Tabell!$E$2:$E$21,MATCH($A2,Tabell!$A$2:$A$21,0)),"") -> 7 | F2: =IFERROR(INDEX(Tabell!$F$2:$F$21,MATCH($A2,Tabell!$A$2:$A$21,0)),"") -> 3 | G2: =IFERROR(INDEX(Tabell!$G$2:$G$21,MATCH($A2,Tabell!$A$2:$A$21,0)),"") -> 59 | H2: =IFERROR(INDEX(Tabell!$H$2:$H$21,MATCH($A2,Tabell!$A$2:$A$21,0)),"") -> 22 | I2: =IFERROR(INDEX(Tabell!$I$2:$I$21,MATCH($A2,Tabell!$A$2:$A$21,0)),"") -> 67
A3: 2 | B3: =IFERROR(INDEX(Tabell!$B$2:$B$21,MATCH($A3,Tabell!$A$2:$A$21,0)),"") -> Man City | C3: =IFERROR(INDEX(Tabell!$C$2:$C$21,MATCH($A3,Tabell!$A$2:$A$21,0)),"") -> 29 | D3: =IFERROR(INDEX(Tabell!$D$2:$D$21,MATCH($A3,Tabell!$A$2:$A$21,0)),"") -> 18 | E3: =IFERROR(INDEX(Tabell!$E$2:$E$21,MATCH($A3,Tabell!$A$2:$A$21,0)),"") -> 6 | F3: =IFERROR(INDEX(Tabell!$F$2:$F$21,MATCH($A3,Tabell!$A$2:$A$21,0)),"") -> 5 | G3: =IFERROR(INDEX(Tabell!$G$2:$G$21,MATCH($A3,Tabell!$A$2:$A$21,0)),"") -> 59 | H3: =IFERROR(INDEX(Tabell!$H$2:$H$21,MATCH($A3,Tabell!$A$2:$A$21,0)),"") -> 27 | I3: =IFERROR(INDEX(Tabell!$I$2:$I$21,MATCH($A3,Tabell!$A$2:$A$21,0)),"") -> 60
A4: 3 | B4: =IFERROR(INDEX(Tabell!$B$2:$B$21,MATCH($A4,Tabell!$A$2:$A$21,0)),"") -> Man United | C4: =IFERROR(INDEX(Tabell!$C$2:$C$21,MATCH($A4,Tabell!$A$2:$A$21,0)),"") -> 29 | D4: =IFERROR(INDEX(Tabell!$D$2:$D$21,MATCH($A4,Tabell!$A$2:$A$21,0)),"") -> 14 | E4: =IFERROR(INDEX(Tabell!$E$2:$E$21,MATCH($A4,Tabell!$A$2:$A$21,0)),"") -> 9 | F4: =IFERROR(INDEX(Tabell!$F$2:$F$21,MATCH($A4,Tabell!$A$2:$A$21,0)),"") -> 6 | G4: =IFERROR(INDEX(Tabell!$G$2:$G$21,MATCH($A4,Tabell!$A$2:$A$21,0)),"") -> 51 | H4: =IFERROR(INDEX(Tabell!$H$2:$H$21,MATCH($A4,Tabell!$A$2:$A$21,0)),"") -> 40 | I4: =IFERROR(INDEX(Tabell!$I$2:$I$21,MATCH($A4,Tabell!$A$2:$A$21,0)),"") -> 51
A5: 4 | B5: =IFERROR(INDEX(Tabell!$B$2:$B$21,MATCH($A5,Tabell!$A$2:$A$21,0)),"") -> Aston Villa | C5: =IFERROR(INDEX(Tabell!$C$2:$C$21,MATCH($A5,Tabell!$A$2:$A$21,0)),"") -> 29 | D5: =IFERROR(INDEX(Tabell!$D$2:$D$21,MATCH($A5,Tabell!$A$2:$A$21,0)),"") -> 15 | E5: =IFERROR(INDEX(Tabell!$E$2:$E$21,MATCH($A5,Tabell!$A$2:$A$21,0)),"") -> 6 | F5: =IFERROR(INDEX(Tabell!$F$2:$F$21,MATCH($A5,Tabell!$A$2:$A$21,0)),"") -> 8 | G5: =IFERROR(INDEX(Tabell!$G$2:$G$21,MATCH($A5,Tabell!$A$2:$A$21,0)),"") -> 39 | H5: =IFERROR(INDEX(Tabell!$H$2:$H$21,MATCH($A5,Tabell!$A$2:$A$21,0)),"") -> 34 | I5: =IFERROR(INDEX(Tabell!$I$2:$I$21,MATCH($A5,Tabell!$A$2:$A$21,0)),"") -> 51
A6: 5 | B6: =IFERROR(INDEX(Tabell!$B$2:$B$21,MATCH($A6,Tabell!$A$2:$A$21,0)),"") -> Chelsea | C6: =IFERROR(INDEX(Tabell!$C$2:$C$21,MATCH($A6,Tabell!$A$2:$A$21,0)),"") -> 29 | D6: =IFERROR(INDEX(Tabell!$D$2:$D$21,MATCH($A6,Tabell!$A$2:$A$21,0)),"") -> 13 | E6: =IFERROR(INDEX(Tabell!$E$2:$E$21,MATCH($A6,Tabell!$A$2:$A$21,0)),"") -> 9 | F6: =IFERROR(INDEX(Tabell!$F$2:$F$21,MATCH($A6,Tabell!$A$2:$A$21,0)),"") -> 7 | G6: =IFERROR(INDEX(Tabell!$G$2:$G$21,MATCH($A6,Tabell!$A$2:$A$21,0)),"") -> 53 | H6: =IFERROR(INDEX(Tabell!$H$2:$H$21,MATCH($A6,Tabell!$A$2:$A$21,0)),"") -> 34 | I6: =IFERROR(INDEX(Tabell!$I$2:$I$21,MATCH($A6,Tabell!$A$2:$A$21,0)),"") -> 48
A7: 6 | B7: =IFERROR(INDEX(Tabell!$B$2:$B$21,MATCH($A7,Tabell!$A$2:$A$21,0)),"") -> Liverpool | C7: =IFERROR(INDEX(Tabell!$C$2:$C$21,MATCH($A7,Tabell!$A$2:$A$21,0)),"") -> 29 | D7: =IFERROR(INDEX(Tabell!$D$2:$D$21,MATCH($A7,Tabell!$A$2:$A$21,0)),"") -> 14 | E7: =IFERROR(INDEX(Tabell!$E$2:$E$21,MATCH($A7,Tabell!$A$2:$A$21,0)),"") -> 6 | F7: =IFERROR(INDEX(Tabell!$F$2:$F$21,MATCH($A7,Tabell!$A$2:$A$21,0)),"") -> 9 | G7: =IFERROR(INDEX(Tabell!$G$2:$G$21,MATCH($A7,Tabell!$A$2:$A$21,0)),"") -> 48 | H7: =IFERROR(INDEX(Tabell!$H$2:$H$21,MATCH($A7,Tabell!$A$2:$A$21,0)),"") -> 39 | I7: =IFERROR(INDEX(Tabell!$I$2:$I$21,MATCH($A7,Tabell!$A$2:$A$21,0)),"") -> 48
A8: 7 | B8: =IFERROR(INDEX(Tabell!$B$2:$B$21,MATCH($A8,Tabell!$A$2:$A$21,0)),"") -> Brentford | C8: =IFERROR(INDEX(Tabell!$C$2:$C$21,MATCH($A8,Tabell!$A$2:$A$21,0)),"") -> 29 | D8: =IFERROR(INDEX(Tabell!$D$2:$D$21,MATCH($A8,Tabell!$A$2:$A$21,0)),"") -> 13 | E8: =IFERROR(INDEX(Tabell!$E$2:$E$21,MATCH($A8,Tabell!$A$2:$A$21,0)),"") -> 5 | F8: =IFERROR(INDEX(Tabell!$F$2:$F$21,MATCH($A8,Tabell!$A$2:$A$21,0)),"") -> 11 | G8: =IFERROR(INDEX(Tabell!$G$2:$G$21,MATCH($A8,Tabell!$A$2:$A$21,0)),"") -> 44 | H8: =IFERROR(INDEX(Tabell!$H$2:$H$21,MATCH($A8,Tabell!$A$2:$A$21,0)),"") -> 40 | I8: =IFERROR(INDEX(Tabell!$I$2:$I$21,MATCH($A8,Tabell!$A$2:$A$21,0)),"") -> 44
A9: 8 | B9: =IFERROR(INDEX(Tabell!$B$2:$B$21,MATCH($A9,Tabell!$A$2:$A$21,0)),"") -> Everton | C9: =IFERROR(INDEX(Tabell!$C$2:$C$21,MATCH($A9,Tabell!$A$2:$A$21,0)),"") -> 29 | D9: =IFERROR(INDEX(Tabell!$D$2:$D$21,MATCH($A9,Tabell!$A$2:$A$21,0)),"") -> 12 | E9: =IFERROR(INDEX(Tabell!$E$2:$E$21,MATCH($A9,Tabell!$A$2:$A$21,0)),"") -> 7 | F9: =IFERROR(INDEX(Tabell!$F$2:$F$21,MATCH($A9,Tabell!$A$2:$A$21,0)),"") -> 10 | G9: =IFERROR(INDEX(Tabell!$G$2:$G$21,MATCH($A9,Tabell!$A$2:$A$21,0)),"") -> 34 | H9: =IFERROR(INDEX(Tabell!$H$2:$H$21,MATCH($A9,Tabell!$A$2:$A$21,0)),"") -> 33 | I9: =IFERROR(INDEX(Tabell!$I$2:$I$21,MATCH($A9,Tabell!$A$2:$A$21,0)),"") -> 43
A10: 9 | B10: =IFERROR(INDEX(Tabell!$B$2:$B$21,MATCH($A10,Tabell!$A$2:$A$21,0)),"") -> Bournemouth | C10: =IFERROR(INDEX(Tabell!$C$2:$C$21,MATCH($A10,Tabell!$A$2:$A$21,0)),"") -> 29 | D10: =IFERROR(INDEX(Tabell!$D$2:$D$21,MATCH($A10,Tabell!$A$2:$A$21,0)),"") -> 9 | E10: =IFERROR(INDEX(Tabell!$E$2:$E$21,MATCH($A10,Tabell!$A$2:$A$21,0)),"") -> 13 | F10: =IFERROR(INDEX(Tabell!$F$2:$F$21,MATCH($A10,Tabell!$A$2:$A$21,0)),"") -> 7 | G10: =IFERROR(INDEX(Tabell!$G$2:$G$21,MATCH($A10,Tabell!$A$2:$A$21,0)),"") -> 44 | H10: =IFERROR(INDEX(Tabell!$H$2:$H$21,MATCH($A10,Tabell!$A$2:$A$21,0)),"") -> 46 | I10: =IFERROR(INDEX(Tabell!$I$2:$I$21,MATCH($A10,Tabell!$A$2:$A$21,0)),"") -> 40
A11: 10 | B11: =IFERROR(INDEX(Tabell!$B$2:$B$21,MATCH($A11,Tabell!$A$2:$A$21,0)),"") -> Fulham | C11: =IFERROR(INDEX(Tabell!$C$2:$C$21,MATCH($A11,Tabell!$A$2:$A$21,0)),"") -> 29 | D11: =IFERROR(INDEX(Tabell!$D$2:$D$21,MATCH($A11,Tabell!$A$2:$A$21,0)),"") -> 12 | E11: =IFERROR(INDEX(Tabell!$E$2:$E$21,MATCH($A11,Tabell!$A$2:$A$21,0)),"") -> 4 | F11: =IFERROR(INDEX(Tabell!$F$2:$F$21,MATCH($A11,Tabell!$A$2:$A$21,0)),"") -> 13 | G11: =IFERROR(INDEX(Tabell!$G$2:$G$21,MATCH($A11,Tabell!$A$2:$A$21,0)),"") -> 40 | H11: =IFERROR(INDEX(Tabell!$H$2:$H$21,MATCH($A11,Tabell!$A$2:$A$21,0)),"") -> 43 | I11: =IFERROR(INDEX(Tabell!$I$2:$I$21,MATCH($A11,Tabell!$A$2:$A$21,0)),"") -> 40
A12: 11 | B12: =IFERROR(INDEX(Tabell!$B$2:$B$21,MATCH($A12,Tabell!$A$2:$A$21,0)),"") -> Sunderland | C12: =IFERROR(INDEX(Tabell!$C$2:$C$21,MATCH($A12,Tabell!$A$2:$A$21,0)),"") -> 29 | D12: =IFERROR(INDEX(Tabell!$D$2:$D$21,MATCH($A12,Tabell!$A$2:$A$21,0)),"") -> 10 | E12: =IFERROR(INDEX(Tabell!$E$2:$E$21,MATCH($A12,Tabell!$A$2:$A$21,0)),"") -> 10 | F12: =IFERROR(INDEX(Tabell!$F$2:$F$21,MATCH($A12,Tabell!$A$2:$A$21,0)),"") -> 9 | G12: =IFERROR(INDEX(Tabell!$G$2:$G$21,MATCH($A12,Tabell!$A$2:$A$21,0)),"") -> 30 | H12: =IFERROR(INDEX(Tabell!$H$2:$H$21,MATCH($A12,Tabell!$A$2:$A$21,0)),"") -> 34 | I12: =IFERROR(INDEX(Tabell!$I$2:$I$21,MATCH($A12,Tabell!$A$2:$A$21,0)),"") -> 40
A13: 12 | B13: =IFERROR(INDEX(Tabell!$B$2:$B$21,MATCH($A13,Tabell!$A$2:$A$21,0)),"") -> Newcastle | C13: =IFERROR(INDEX(Tabell!$C$2:$C$21,MATCH($A13,Tabell!$A$2:$A$21,0)),"") -> 29 | D13: =IFERROR(INDEX(Tabell!$D$2:$D$21,MATCH($A13,Tabell!$A$2:$A$21,0)),"") -> 11 | E13: =IFERROR(INDEX(Tabell!$E$2:$E$21,MATCH($A13,Tabell!$A$2:$A$21,0)),"") -> 6 | F13: =IFERROR(INDEX(Tabell!$F$2:$F$21,MATCH($A13,Tabell!$A$2:$A$21,0)),"") -> 12 | G13: =IFERROR(INDEX(Tabell!$G$2:$G$21,MATCH($A13,Tabell!$A$2:$A$21,0)),"") -> 42 | H13: =IFERROR(INDEX(Tabell!$H$2:$H$21,MATCH($A13,Tabell!$A$2:$A$21,0)),"") -> 43 | I13: =IFERROR(INDEX(Tabell!$I$2:$I$21,MATCH($A13,Tabell!$A$2:$A$21,0)),"") -> 39
... A21: 20 | B21: =IFERROR(INDEX(Tabell!$B$2:$B$21,MATCH($A21,Tabell!$A$2:$A$21,0)),"") -> Wolves | C21: =IFERROR(INDEX(Tabell!$C$2:$C$21,MATCH($A21,Tabell!$A$2:$A$21,0)),"") -> 30 | D21: =IFERROR(INDEX(Tabell!$D$2:$D$21,MATCH($A21,Tabell!$A$2:$A$21,0)),"") -> 3 | E21: =IFERROR(INDEX(Tabell!$E$2:$E$21,MATCH($A21,Tabell!$A$2:$A$21,0)),"") -> 7 | F21: =IFERROR(INDEX(Tabell!$F$2:$F$21,MATCH($A21,Tabell!$A$2:$A$21,0)),"") -> 20 | G21: =IFERROR(INDEX(Tabell!$G$2:$G$21,MATCH($A21,Tabell!$A$2:$A$21,0)),"") -> 22 | H21: =IFERROR(INDEX(Tabell!$H$2:$H$21,MATCH($A21,Tabell!$A$2:$A$21,0)),"") -> 52 | I21: =IFERROR(INDEX(Tabell!$I$2:$I$21,MATCH($A21,Tabell!$A$2:$A$21,0)),"") -> 16

Sheet Kamper
A1: Date | B1: HomeTeam | C1: AwayTeam | D1: HomeGoals | E1: AwayGoals
A2: 15/08/2025 | B2: Liverpool | C2: Bournemouth | D2: 4 | E2: 2
A3: 16/08/2025 | B3: Aston Villa | C3: Newcastle | D3: 0 | E3: 0
A4: 16/08/2025 | B4: Brighton | C4: Fulham | D4: 1 | E4: 1
A5: 16/08/2025 | B5: Sunderland | C5: West Ham | D5: 3 | E5: 0
A6: 16/08/2025 | B6: Tottenham | C6: Burnley | D6: 3 | E6: 0
A7: 16/08/2025 | B7: Wolves | C7: Man City | D7: 0 | E7: 4
A8: 17/08/2025 | B8: Chelsea | C8: Crystal Palace | D8: 0 | E8: 0
A9: 17/08/2025 | B9: Nott'm Forest | C9: Brentford | D9: 3 | E9: 1
A10: 17/08/2025 | B10: Man United | C10: Arsenal | D10: 0 | E10: 1
A11: 18/08/2025 | B11: Leeds | C11: Everton | D11: 1 | E11: 0
A12: 22/08/2025 | B12: West Ham | C12: Chelsea | D12: 1 | E12: 5
A13: 23/08/2025 | B13: Man City | C13: Tottenham | D13: 0 | E13: 2
... A292: 05/03/2026 | B292: Tottenham | C292: Crystal Palace | D292: 1 | E292: 3
